curve,function,depth,mode,leaves,ok,bad
conic,0,8,baseline,17938,2203,7
conic,0,8,combined,20858,2517,2
conic,0,10,baseline,37762,4691,8
conic,0,10,combined,57034,5782,2
conic,0,12,baseline,124238,9161,7
conic,0,12,combined,171878,12435,2
conic,0,14,baseline,239036,19077,2
conic,0,14,combined,364384,24825,4
conic,0,16,baseline,678726,37347,2
conic,0,16,combined,894446,49345,5
elliptic,5,8,baseline,21022,3147,16
elliptic,5,8,combined,30422,4213,5
elliptic,5,10,baseline,47026,6772,17
elliptic,5,10,combined,65852,8158,16
elliptic,5,12,baseline,169304,13655,25
elliptic,5,12,combined,236882,18046,10
elliptic,5,14,baseline,326260,28278,34
elliptic,5,14,combined,505654,37490,7
elliptic,5,16,baseline,952060,55573,21
elliptic,5,16,combined,1325074,76122,6
fermat_cubic,1,8,baseline,21556,3176,21
fermat_cubic,1,8,combined,31672,4297,18
fermat_cubic,1,10,baseline,47274,6763,19
fermat_cubic,1,10,combined,87332,9155,9
fermat_cubic,1,12,baseline,162310,13324,21
fermat_cubic,1,12,combined,255462,18882,17
fermat_cubic,1,14,baseline,319008,27619,22
fermat_cubic,1,14,combined,547748,38631,20
fermat_cubic,1,16,baseline,949916,54248,24
fermat_cubic,1,16,combined,1332716,74684,26
fermat_quartic,3,8,baseline,23556,4242,39
fermat_quartic,3,8,combined,39352,6337,24
fermat_quartic,3,10,baseline,54554,9267,49
fermat_quartic,3,10,combined,116016,13866,30
fermat_quartic,3,12,baseline,207250,18715,56
fermat_quartic,3,12,combined,317872,27129,30
fermat_quartic,3,14,baseline,407078,39042,53
fermat_quartic,3,14,combined,692108,54010,43
fermat_quartic,3,16,baseline,1225880,76472,59
fermat_quartic,3,16,combined,1745178,106527,43
elliptic,5,18,baseline,1698588,114589,18
elliptic,5,18,combined,2601584,153779,8
