curve,function,degree,depth,mode,leaves,touched,bad,genus_raw,genus_closed,closed_chi,closed_b,closed_c,area_raw,area_closed,F_max,refine_s,extract_s,peak_mib
fermat_cubic,1,3,12,base,162310,13345,21,1,1,0,0,1,1.00058,1.00338,1.11716e-15,2.81035,1.2113,32.0742
fermat_cubic,1,3,12,both,255642,18899,17,1,1,0,0,1,1.00159,1.00239,1.09332e-15,4.59015,4.41211,59.0039
fermat_cubic,1,3,14,base,319008,27641,22,1,1,0,0,1,0.999969,1.00207,1.08962e-15,5.79315,2.87305,59.9336
fermat_cubic,1,3,14,both,547748,38651,20,1,1,0,0,1,1.00078,1.00142,1.05069e-15,10.6926,6.21622,113.309
fermat_cubic,1,3,16,base,949916,54272,24,1,1,0,0,1,1.00011,1.00127,1.12395e-15,17.4781,9.7987,219.832
fermat_cubic,1,3,16,both,1332716,74710,26,1,1,0,0,1,1.00071,1.00106,1.11684e-15,24.8019,15.1874,222.738
fermat_quartic,3,4,12,base,207250,18771,56,3,3,-4,0,1,0.996371,1.00466,1.09204e-15,3.76702,1.76549,58.5742
fermat_quartic,3,4,12,both,318584,27159,30,3,3,-4,0,1,1.00262,1.00391,1.07003e-15,5.95986,8.54572,60.0273
fermat_quartic,3,4,14,base,407078,39095,53,3,3,-4,0,1,0.999158,1.00319,1.1144e-15,7.74865,3.75355,113.414
fermat_quartic,3,4,14,both,692696,54053,43,3,3,-4,0,1,1.00069,1.00225,1.14717e-15,13.3091,19.703,209.645
fermat_quartic,3,4,16,base,1225880,76531,59,3,3,-4,0,1,0.999,1.00193,1.11659e-15,22.511,13.0059,222.973
fermat_quartic,3,4,16,both,1745550,106570,43,3,3,-4,0,1,1.001,1.00134,1.14717e-15,33.9225,55.3747,432.699
fermat_5,6,5,12,base,229182,23275,68,6,6,-10,0,1,0.99729,1.00765,1.09529e-15,4.21416,1.84509,59.043
fermat_5,6,5,12,both,374358,33744,48,5.5,6,-10,0,1,1.00261,1.00569,1.09529e-15,6.94877,9.39907,107.926
fermat_5,6,5,14,base,463518,47966,80,6,6,-10,0,1,0.997579,1.00464,1.09064e-15,8.80514,4.7921,114.406
fermat_5,6,5,14,both,817782,66612,60,6,6,-10,0,1,1.00178,1.00315,1.09133e-15,15.6567,22.5677,219.516
fermat_5,6,5,16,base,1436984,93694,79,6,6,-10,0,1,0.999947,1.00257,1.10206e-15,27.4329,14.4976,417.305
fermat_5,6,5,16,both,2061620,128982,52,6,6,-10,0,1,1.0015,1.00184,1.06847e-15,40.9333,45.3822,434.844
fermat_6,7,6,12,base,251998,28135,103,10,10,-18,0,1,0.997885,1.00919,1.04758e-15,4.97467,2.07009,58.8516
fermat_6,7,6,12,both,404494,40035,46,10.5,10,-18,0,1,1.005,1.00642,1.05575e-15,8.2618,10.4649,115.086
fermat_6,7,6,14,base,512160,58337,115,10.5,10,-18,0,1,0.997081,1.00574,1.05371e-15,10.6415,4.65731,113.488
fermat_6,7,6,14,both,912794,80701,70,10,10,-18,0,1,1.00309,1.00405,1.04783e-15,18.3954,26.6517,223.457
fermat_6,7,6,16,base,1662228,114605,91,10.5,10,-18,0,1,1.00097,1.00321,1.05371e-15,33.6111,17.0583,435.641
fermat_6,7,6,16,both,2410524,159724,57,10,10,-18,0,1,1.00226,1.0027,1.07374e-15,49.8895,82.7238,439.164
kostlan_3,8,3,12,base,156960,12730,16,1,1,0,0,1,1.00053,1.00211,1.17101e-15,6.77624,2.45816,33.4766
kostlan_3,8,3,12,both,237312,17484,25,1,1,0,0,1,1.00072,1.00161,1.22787e-15,11.0412,11.6131,58.9648
kostlan_3,8,3,14,base,307048,26430,44,1,1,0,0,1,0.998333,1.00145,1.3151e-15,13.7263,2.50438,59.2852
kostlan_3,8,3,14,both,549112,38273,24,1,1,0,0,1,1.00032,1.00083,1.36934e-15,13.1497,9.77605,113.641
kostlan_3,8,3,16,base,901174,51736,36,1,1,0,0,1,0.999582,1.00081,1.36934e-15,20.8845,8.32264,221.27
kostlan_3,8,3,16,both,1354678,77188,20,1,1,0,0,1,1.00044,1.00052,1.36934e-15,32.2117,13.7692,222.754
kostlan_4,9,4,12,base,187348,16911,49,3,3,-4,0,1,0.996033,1.00637,1.33126e-15,5.92803,1.40135,57.2305
kostlan_4,9,4,12,both,310564,25636,46,3,3,-4,0,1,1.00193,1.00429,1.19977e-15,9.95605,7.46799,58.9141
kostlan_4,9,4,14,base,375736,35717,48,3,3,-4,0,1,0.999549,1.00356,1.21911e-15,11.9732,3.18787,108.328
kostlan_4,9,4,14,both,684214,51601,24,3,3,-4,0,1,1.00148,1.00178,1.31839e-15,21.8751,18.4469,211.688
kostlan_4,9,4,16,base,1142498,70118,60,3,3,-4,0,1,0.998611,1.0015,1.36527e-15,34.867,11.0371,222.547
kostlan_4,9,4,16,both,1668640,100835,25,3,3,-4,0,1,1.00077,1.00104,1.34442e-15,52.7035,50.3592,432.082
kostlan_5,10,5,12,base,229786,23325,74,6,6,-10,0,1,0.995279,1.00828,1.5531e-15,10.5037,1.81147,59.6875
kostlan_5,10,5,12,both,359602,33355,58,6,6,-10,0,1,1.00265,1.0048,1.74772e-15,16.2857,9.02629,108.84
kostlan_5,10,5,14,base,468490,48051,83,6,6,-10,0,1,1.00041,1.0045,1.74772e-15,20.8797,4.1509,114.086
kostlan_5,10,5,14,both,833240,68657,62,6,6,-10,0,1,1.00132,1.00284,1.5789e-15,36.924,23.5332,219.285
kostlan_5,10,5,16,base,1447156,94033,83,6,6,-10,0,1,0.999429,1.00233,1.57324e-15,61.5709,14.2789,415.766
kostlan_5,10,5,16,both,2101452,132771,58,6,6,-10,0,1,1.00114,1.00173,1.57324e-15,90.0684,66.7016,436.602
kostlan_6,11,6,12,base,244668,25682,98,10,10,-18,0,1,0.998248,1.0107,1.60338e-15,16.4096,2.06517,58.9336
kostlan_6,11,6,12,both,383130,36286,49,10,10,-18,0,1,1.00549,1.0071,1.6936e-15,25.767,11.0288,108.5
kostlan_6,11,6,14,base,494342,52796,116,10,10,-18,0,1,1.0012,1.00614,1.65281e-15,33.093,4.6961,113.238
kostlan_6,11,6,14,both,914416,75179,50,10,10,-18,0,1,1.00319,1.00406,1.65281e-15,58.1876,26.7748,219.266
kostlan_6,11,6,16,base,1562104,103462,103,10,10,-18,0,1,1.0004,1.00335,1.74776e-15,95.0279,15.9818,433.426
kostlan_6,11,6,16,both,2339464,149813,77,10,10,-18,0,1,1.00162,1.00226,1.7486e-15,144.284,79.3138,438.945
