curve,function,depth,seed,leaves,ok,bad,kahler,near_ok,near_bad,area_raw,area_closed,closed_chi,closed_b,closed_c,orientable,genus_est
elliptic,0,10,12345,108524,11645,41,18,0,0,0.992235,1.00066,0,0,1,yes,1
elliptic,0,12,12345,345980,22825,40,14,92,19,0.995957,1.00044,0,0,1,yes,1
elliptic,0,14,12345,635588,46879,50,11,277,23,0.997429,1.00024,0,0,1,yes,1
elliptic,0,16,12345,1804196,91771,68,6,546,30,0.998125,1.00012,0,0,1,yes,1
elliptic,0,14,1,643500,46842,63,6,191,43,0.996856,1.00021,0,0,1,yes,1
elliptic,0,14,2,645096,47379,40,5,141,23,0.997621,1.00018,0,0,1,yes,1
elliptic,0,14,3,625296,46119,45,1,307,29,0.997694,1.00025,0,0,1,yes,1
elliptic,0,14,4,628592,46060,46,2,182,13,0.997792,1.00041,0,0,1,yes,1
elliptic,0,14,5,632664,46831,59,1,248,25,0.997565,1.0002,0,0,1,yes,1
parabola,1,10,12345,79308,7109,6,1,0,0,0.99579,0.999053,2,0,1,yes,0
parabola,1,12,12345,241528,13898,9,0,42,0,0.998721,0.999474,2,0,1,yes,0
parabola,1,14,12345,426048,28452,6,0,124,0,0.999455,0.999708,2,0,1,yes,0
parabola,1,16,12345,1168408,55687,8,0,232,0,0.9997,0.999867,2,0,1,yes,0
parabola,1,14,1,428904,28625,11,1,150,0,0.999186,0.999765,2,0,1,yes,0
parabola,1,14,2,429648,28611,7,1,105,0,0.999388,0.999749,2,0,1,yes,0
parabola,1,14,3,414892,28133,2,0,180,0,0.999555,0.999705,2,0,1,yes,0
parabola,1,14,4,422496,28168,9,0,157,0,0.999108,0.999724,2,0,1,yes,0
parabola,1,14,5,419772,28070,11,0,161,0,0.99947,0.99978,2,0,1,yes,0
